{"cameraMode":{"drawMode":0,"name":"Shaded","section":"Shading Mode"},"sceneLighting":true,"audioPlay":false,"sceneViewState":{"showFog":true,"showMaterialUpdate":false,"showSkybox":true,"showFlares":true,"showImageEffects":true,"showParticleSystems":true},"in2DMode":false,"pivot":{"x":-1.25892972946167,"y":-0.19395866990089417,"z":-0.9358766078948975},"rotation":{"x":-0.05145980790257454,"y":-0.7870257496833801,"z":0.06626487523317337,"w":-0.611188530921936},"size":11.474631309509278,"orthographic":true}